<?xml version="1.0" encoding="UTF-8"?>
<!DOCTYPE suite SYSTEM "https://testng.org/testng-1.0.dtd">
<suite name="Suite">
  <test thread-count="5" name="TestNgGroups">
	  <groups>
		  
		  <run>
			  
			 <include name ="regression"> </include>
			  <exclude name ="sanity"> </exclude>
	  
		  </run>
	  </groups>
		  
	  
	  
	  
    <classes>
      <class name="TestNgPractice.UsingTestNgGroups"/>
      <class name="TestNgPractice.UsingTestNgGroups2"/>
      
    </classes>
  </test> <!-- Test -->
</suite> <!-- Suite -->